,truth,Xi5_prob,Xi5_pred
subject1010,0,0.30946025396971144,0.0
subject1015,0,0.2402820992283523,0.0
subject1044,0,0.369598938152194,0.0
subject1055,0,0.3898437425506388,0.0
subject1073,0,0.3092451248791252,0.0
subject109,0,0.2965358192367213,0.0
subject1093,0,0.18067901509518772,0.0
subject1105,0,0.44846932285211305,0.0
subject1121,0,0.294650853482224,0.0
subject1145,0,0.32799672526863416,0.0
subject1153,0,0.18280449463265944,0.0
subject1156,0,0.17472681925208136,0.0
subject1166,0,0.4681500896163609,0.0
subject1178,0,0.3614063733465858,0.0
subject1203,0,0.3471480847264712,0.0
subject121,0,0.35955628746388746,0.0
subject1230,0,0.25325768270820775,0.0
subject1236,0,0.3726791346272647,0.0
subject1245,0,0.20027311620387164,0.0
subject1257,1,0.5412220156326287,1.0
subject1258,0,0.4947655583343985,0.0
subject1260,1,0.4143102397462333,0.0
subject1294,0,0.21086639823624864,0.0
subject1298,0,0.33944870326549637,0.0
subject130,0,0.3416083783984346,0.0
subject1320,0,0.27806134890926654,0.0
subject1334,1,0.43295222724279264,0.0
subject1338,0,0.3455888560587862,0.0
subject1346,0,0.2518369079124732,0.0
subject1351,0,0.45647612343663757,0.0
subject136,1,0.5732165187597275,1.0
subject1380,0,0.37304501442122273,0.0
subject1383,0,0.23639364943664987,0.0
subject1395,0,0.3722979263808285,0.0
subject1402,0,0.24723203320588386,0.0
subject1409,0,0.19458514348813288,0.0
subject141,0,0.3369673499837518,0.0
subject1410,1,0.3948428282163994,0.0
subject1425,0,0.5065842486090131,1.0
subject1432,0,0.4499035656452179,0.0
subject1439,0,0.22355394101391235,0.0
subject1441,0,0.3315148471217406,0.0
subject1450,0,0.38139727127713124,0.0
subject1459,0,0.29237961234921067,0.0
subject1467,0,0.3230067052603917,0.0
subject1486,1,0.4587208622175714,0.0
subject1493,0,0.36342076501973414,0.0
subject1503,0,0.39773388473050936,0.0
subject1510,0,0.36234194273349796,0.0
subject1535,0,0.28288036327937555,0.0
subject155,0,0.233483829788425,0.0
subject1563,0,0.31350719025074103,0.0
subject1580,0,0.22171253100671667,0.0
subject1584,0,0.5002689799630499,1.0
subject16,0,0.21627326616198644,0.0
subject1610,0,0.2842146563270178,0.0
subject1614,0,0.31932616271078584,0.0
subject1628,0,0.3586841657967635,0.0
subject1668,0,0.5290327072143555,1.0
subject170,0,0.23198643345008027,0.0
subject1702,0,0.23149213309189454,0.0
subject1708,0,0.23568716490546526,0.0
subject1722,0,0.24888664312541214,0.0
subject1779,0,0.2940217628265454,0.0
subject1780,0,0.39002639787684257,0.0
subject1790,0,0.2699332422030384,0.0
subject181,0,0.2690917978493067,0.0
subject1811,0,0.43270777352154255,0.0
subject1821,0,0.30682344969950226,0.0
subject1828,0,0.20572810123288043,0.0
subject1841,0,0.39549341247698594,0.0
subject1847,0,0.36983728815739786,0.0
subject185,0,0.28229324076825996,0.0
subject1856,0,0.4690906825133517,0.0
subject1861,0,0.44959893946846324,0.0
subject1871,0,0.27831291939531055,0.0
subject188,1,0.580893675314969,1.0
subject190,0,0.17441999212770146,0.0
subject1922,0,0.29152890782352986,0.0
subject1935,0,0.3045927683888063,0.0
subject1963,1,0.5154406383216625,1.0
subject1966,0,0.34914521813906474,0.0
subject1970,0,0.514320371406419,1.0
subject2000,0,0.47843209731167763,0.0
subject2004,0,0.38102234470414686,0.0
subject2022,0,0.32971999552544384,0.0
subject2030,0,0.32645834734042484,0.0
subject2037,0,0.15148724447197576,0.0
subject2044,0,0.31753614914418854,0.0
subject2045,0,0.35303334113867846,0.0
subject2069,0,0.37933390004629336,0.0
subject2082,0,0.2642536149426358,0.0
subject2094,0,0.24319281646764124,0.0
subject2116,0,0.371823168773618,0.0
subject2122,0,0.2820580156501748,0.0
subject2140,0,0.290485756034797,0.0
subject2151,0,0.32462881401669785,0.0
subject2154,0,0.3893877381303454,0.0
subject2163,1,0.4590839482843876,0.0
subject2165,0,0.34733997059741156,0.0
subject2213,0,0.2467296518589137,0.0
subject2223,0,0.27763558092397694,0.0
subject2252,0,0.35741513046259815,0.0
subject2258,0,0.3780536350417644,0.0
subject2260,0,0.37228876203298567,0.0
subject2274,0,0.3136410629924606,0.0
subject2310,0,0.36970050185918807,0.0
subject2313,0,0.26740877356912407,0.0
subject2315,0,0.4028162864676441,0.0
subject2316,0,0.25479132584051084,0.0
subject2323,0,0.3299266693054461,0.0
subject2330,0,0.3512725784282746,0.0
subject2331,0,0.45877397788977686,0.0
subject2372,0,0.28869047729919356,0.0
subject2394,0,0.17681448162638502,0.0
subject2408,0,0.31596841256337604,0.0
subject2418,0,0.31286232825472193,0.0
subject2423,0,0.07784845555822055,0.0
subject2433,1,0.6430503008670585,1.0
subject2440,0,0.3331424379439065,0.0
subject2443,0,0.24451289065182208,0.0
subject250,0,0.3528272095277454,0.0
subject251,0,0.3531170643211619,0.0
subject2521,0,0.3231289429324014,0.0
subject2522,0,0.2493764388626354,0.0
subject2527,0,0.3887656375541301,0.0
subject254,0,0.19624861103075092,0.0
subject2549,0,0.3605255118260781,0.0
subject2561,0,0.27761830243913604,0.0
subject2562,0,0.21847017942106023,0.0
subject2574,0,0.3022210484926115,0.0
subject2587,0,0.09115458279848099,0.0
subject2599,0,0.23874486699110192,0.0
subject2607,0,0.1357222848704883,0.0
subject2609,0,0.3380683076224829,0.0
subject2622,0,0.420145723728403,0.0
subject2626,0,0.5028050442536672,1.0
subject2632,0,0.1659771907234601,0.0
subject2635,0,0.3241659352863147,0.0
subject2667,0,0.2779838387371181,0.0
subject2668,0,0.324188494250517,0.0
subject268,0,0.3633641455979908,0.0
subject2685,0,0.319640791977972,0.0
subject2692,0,0.285056800073697,0.0
subject2697,0,0.21966553525062127,0.0
subject2699,0,0.21145339628551588,0.0
subject2714,1,0.591705228267021,1.0
subject2723,0,0.31223006049791974,0.0
subject2724,0,0.20456260188729652,0.0
subject2732,0,0.2799669546740396,0.0
subject2733,0,0.4638451114296913,0.0
subject2737,0,0.43734460966844185,0.0
subject2743,1,0.4796419281225938,0.0
subject276,0,0.3001944982469972,0.0
subject2778,0,0.34280594669539355,0.0
subject2779,1,0.4095089657151181,0.0
subject278,0,0.23395115726288393,0.0
subject2796,0,0.1777269675974445,0.0
subject2800,0,0.2129659033073328,0.0
subject2820,0,0.34303551223693474,0.0
subject2846,0,0.3732869617775351,0.0
subject2851,0,0.4398543410417106,0.0
subject2866,1,0.6568024733236858,1.0
subject2868,0,0.37090982307287435,0.0
subject2924,0,0.30274666248905385,0.0
subject2928,0,0.26186010744022464,0.0
subject2930,0,0.2621360578658906,0.0
subject2951,0,0.4643879339991543,0.0
subject2952,0,0.35049603198255813,0.0
subject2956,0,0.2409857758173773,0.0
subject2957,0,0.20120280236005783,0.0
subject2963,0,0.28969636881597954,0.0
subject2991,0,0.37656865110422705,0.0
subject3,0,0.23034350456283062,0.0
subject3000,0,0.42996495794726625,0.0
subject3041,1,0.49982784369162153,0.0
subject3042,0,0.28379712112440886,0.0
subject3045,0,0.26527537644973825,0.0
subject3073,0,0.47454665969006526,0.0
subject3078,0,0.26896994148745246,0.0
subject3080,0,0.3269773241253633,0.0
subject3122,0,0.36076519150676123,0.0
subject3126,1,0.6483575560544667,1.0
subject3136,1,0.5151758591334025,1.0
subject3149,0,0.29062053617684447,0.0
subject3154,0,0.3668981286444964,0.0
subject3157,0,0.32163316141518333,0.0
subject318,0,0.2978951534522431,0.0
subject3180,0,0.44285207183633235,0.0
subject3186,0,0.32079078257083893,0.0
subject3202,0,0.3288381932009208,0.0
subject3219,0,0.2832316880424817,0.0
subject323,0,0.31371997438605115,0.0
subject3244,0,0.28321526385843754,0.0
subject3257,1,0.574566464457247,1.0
subject3260,0,0.18109624806641675,0.0
subject3262,0,0.41936333414828664,0.0
subject3268,1,0.4468201086433096,0.0
subject3285,0,0.4762474108281447,0.0
subject3287,1,0.35856104896792884,0.0
subject3293,0,0.4196564964207312,0.0
subject3307,1,0.5370210151875687,1.0
subject331,0,0.2754690982708141,0.0
subject333,1,0.5586911056722913,1.0
subject3355,1,0.3606932364589377,0.0
subject3387,0,0.3879758042397259,0.0
subject3391,0,0.3329269220121205,0.0
subject3401,0,0.22629136356039786,0.0
subject3404,0,0.27933548735388153,0.0
subject3414,1,0.5159695032694026,1.0
subject342,0,0.2577481269836426,0.0
subject3424,0,0.2080813271269237,0.0
subject3433,0,0.2731752612744458,0.0
subject3437,0,0.29925194731913507,0.0
subject3443,0,0.32276992831555334,0.0
subject3445,0,0.2750249030568998,0.0
subject3447,0,0.16839066574675424,0.0
subject3460,0,0.240471942240701,0.0
subject3463,0,0.4259589186002468,0.0
subject3471,0,0.42594336645145503,0.0
subject348,0,0.34497704995529993,0.0
subject3490,0,0.16733340422312418,0.0
subject3492,0,0.1891546300348808,0.0
subject35,0,0.2844804272055626,0.0
subject3501,0,0.41183470872541267,0.0
subject3505,0,0.23084193682525786,0.0
subject3508,0,0.29984464252463444,0.0
subject3588,0,0.2257374856621027,0.0
subject3591,0,0.3438910740415255,0.0
subject3599,0,0.3034609945097759,0.0
subject3600,0,0.37509478701885496,0.0
subject3642,0,0.3736006847485469,0.0
subject3674,0,0.5273429579459704,1.0
subject3700,0,0.22472283943817642,0.0
subject3715,0,0.2645731803751399,0.0
subject3726,0,0.3507679740184144,0.0
subject374,0,0.40653134272169594,0.0
subject3775,0,0.22098518163436573,0.0
subject3798,0,0.24853340453571743,0.0
subject3805,0,0.4144501383248043,0.0
subject3826,0,0.3339526678125064,0.0
subject3856,0,0.3180703287189071,0.0
subject3861,0,0.2394691083601789,0.0
subject3863,0,0.2975391328556969,0.0
subject388,0,0.5484347693622112,1.0
subject3901,0,0.42745351625813377,0.0
subject3902,0,0.19415598415902682,0.0
subject3903,0,0.31034646736037347,0.0
subject3921,0,0.3349024964782875,0.0
subject3931,0,0.39355873497462607,0.0
subject3967,0,0.3655790003964942,0.0
subject3972,0,0.20327609777450562,0.0
subject398,0,0.12330760335000868,0.0
subject3989,0,0.40046175232245806,0.0
subject4010,0,0.29561721972904925,0.0
subject4019,0,0.38113249550423545,0.0
subject4021,0,0.2376509961246958,0.0
subject4028,0,0.3383857089281082,0.0
subject404,0,0.4576876215312792,0.0
subject4049,0,0.5173063846696325,1.0
subject405,0,0.25883175827964583,0.0
subject4054,1,0.4764889644564323,0.0
subject4083,0,0.3343211201718077,0.0
subject4090,0,0.2735173827090659,0.0
subject4091,0,0.42403924076335275,0.0
subject41,0,0.21274652934857358,0.0
subject4115,0,0.38216029766749743,0.0
subject4116,0,0.34535820278354357,0.0
subject4121,0,0.3048407540789672,0.0
subject4125,0,0.17955633158577078,0.0
subject4129,0,0.3334365013781875,0.0
subject4131,0,0.44834571503497356,0.0
subject4136,0,0.33187572211027144,0.0
subject414,0,0.34146574381496997,0.0
subject4153,0,0.39529612306162626,0.0
subject4159,0,0.42328036929617563,0.0
subject4167,0,0.2026953426643442,0.0
subject4170,0,0.3037198237164528,0.0
subject4189,0,0.3214009360170057,0.0
subject419,1,0.42599433247532165,0.0
subject4211,0,0.223812140249348,0.0
subject4227,0,0.2686880993035932,0.0
subject4228,0,0.45745977581436953,0.0
subject4242,0,0.40773275472121695,0.0
subject4269,0,0.44182995905970585,0.0
subject4276,0,0.20323778879113338,0.0
subject4287,0,0.27319439446375876,0.0
subject4288,0,0.25920943681907893,0.0
subject4293,0,0.5123838827013969,1.0
subject4297,0,0.3997580127298147,0.0
subject4299,0,0.34635375440120697,0.0
subject4306,1,0.5428423454294672,1.0
subject4317,0,0.5023789604504904,1.0
subject4323,0,0.13268352651578044,0.0
subject4325,0,0.2725963327102363,0.0
subject4332,0,0.3496198149988316,0.0
subject4342,0,0.25220849153772645,0.0
subject4351,0,0.216233822517097,0.0
subject4354,0,0.4596654331454864,0.0
subject436,0,0.17381485784426332,0.0
subject4368,0,0.34526566338707815,0.0
subject4369,0,0.22398995315524364,0.0
subject4382,0,0.2402079199051156,0.0
subject439,0,0.2372820210715044,0.0
subject4399,0,0.37789514875274244,0.0
subject4404,0,0.32368451746097254,0.0
subject4418,0,0.19302025185424393,0.0
subject4427,0,0.2496643760552009,0.0
subject4440,0,0.17533677435395392,0.0
subject4450,0,0.15424386357121608,0.0
subject4454,1,0.4758101754965856,0.0
subject4485,0,0.32422000531982714,0.0
subject4489,0,0.3904439818114042,0.0
subject4516,1,0.4903440655068015,0.0
subject4521,0,0.2341842075640505,0.0
subject4533,0,0.32911338406389185,0.0
subject4538,1,0.4968974537454372,0.0
subject4555,1,0.5647047771648928,1.0
subject4564,0,0.32268400364616423,0.0
subject4566,0,0.2124094560513898,0.0
subject4573,0,0.33185653222931755,0.0
subject4584,0,0.38443186264745466,0.0
subject4585,0,0.3983898860125141,0.0
subject4589,0,0.2820986304950515,0.0
subject4592,0,0.3033066982228849,0.0
subject460,0,0.18064966390572362,0.0
subject4602,1,0.3199096331081819,0.0
subject4613,0,0.08189263483509421,0.0
subject4616,0,0.3115194819756592,0.0
subject4635,0,0.31686946505640745,0.0
subject4639,0,0.32488597083384385,0.0
subject4640,0,0.27338516920723993,0.0
subject4647,0,0.2506027118972472,0.0
subject4657,0,0.5156145691871643,1.0
subject4667,0,0.481797221011391,0.0
subject4673,0,0.337403777207053,0.0
subject4680,1,0.3919750855634966,0.0
subject4691,0,0.405953912274993,0.0
subject4692,0,0.25604086393784536,0.0
subject4698,0,0.248934158950816,0.0
subject4719,1,0.5572823040288498,1.0
subject4721,0,0.04919007566449955,0.0
subject4737,0,0.2531276436107193,0.0
subject4742,0,0.011566960019990802,0.0
subject4772,0,0.2932030878793658,0.0
subject4785,0,0.29043850409133093,0.0
subject4797,0,0.2827506047998075,0.0
subject4811,0,0.39350115883918035,0.0
subject4819,0,0.34809482029531547,0.0
subject4827,0,0.36877118136085896,0.0
subject4830,0,0.2542581099229799,0.0
subject4845,0,0.19809195592626994,0.0
subject4846,0,0.34408000129096933,0.0
subject4858,0,0.2387540483841639,0.0
subject4860,0,0.23945686683572573,0.0
subject4864,0,0.38975755614893776,0.0
subject4868,0,0.27493679078973154,0.0
subject4888,0,0.42663497987972654,0.0
subject4900,0,0.27253373008635307,0.0
subject4908,1,0.7221335728963216,1.0
subject4909,0,0.5568299392511794,1.0
subject4921,0,0.2923330127611764,0.0
subject4934,0,0.38757919228826393,0.0
subject494,0,0.4150115294115884,0.0
subject4941,0,0.2539435539801147,0.0
subject4963,0,0.33231151481980786,0.0
subject4978,0,0.36611300001018926,0.0
subject4979,0,0.32909833092326124,0.0
subject4987,0,0.32627035989978553,0.0
subject4988,0,0.35907356717756816,0.0
subject4995,0,0.44363593586065153,0.0
subject4996,0,0.3236956037580967,0.0
subject5027,0,0.33174942436514143,0.0
subject5053,0,0.4055105899663075,0.0
subject5054,0,0.17425199250924867,0.0
subject5070,0,0.3560622812990836,0.0
subject5073,0,0.2827339202842929,0.0
subject5074,0,0.42526578589935193,0.0
subject5077,0,0.40512409806251526,0.0
subject5081,0,0.35771650068285266,0.0
subject5112,0,0.12128239605379731,0.0
subject5127,0,0.295887685527927,0.0
subject513,1,0.30189269987180045,0.0
subject5136,0,0.26410530756114964,0.0
subject514,0,0.13305068264404932,0.0
subject5149,0,0.3057682528397289,0.0
subject5154,0,0.18034545001884303,0.0
subject5156,0,0.35632249281006895,0.0
subject516,0,0.31106323555511445,0.0
subject5161,0,0.4839501727011896,0.0
subject5171,0,0.3655592189385341,0.0
subject5179,0,0.2571496087432563,0.0
subject5181,0,0.3328250879208084,0.0
subject5188,0,0.3940432909491065,0.0
subject5213,0,0.4378952361786595,0.0
subject5227,0,0.20880201923958544,0.0
subject5235,1,0.5007539031406244,1.0
subject5238,0,0.2643465833159305,0.0
subject525,1,0.3463714744122523,0.0
subject5255,0,0.33696636032512406,0.0
subject527,1,0.5911544114351273,1.0
subject5301,0,0.34629219174385073,0.0
subject5311,0,0.4548060415347792,0.0
subject5350,0,0.4109910884872079,0.0
subject5372,0,0.2815791336803022,0.0
subject5389,0,0.21241907484647704,0.0
subject5401,0,0.3480691298706965,0.0
subject5427,0,0.3791644507228668,0.0
subject5443,0,0.3383648590071083,0.0
subject5460,0,0.3492427675134462,0.0
subject547,0,0.38341499196413237,0.0
subject5471,0,0.38907440873079524,0.0
subject5484,0,0.293922553508893,0.0
subject5492,1,0.39200905297004,0.0
subject5499,0,0.28932663638676914,0.0
subject5504,0,0.28917296772653406,0.0
subject5518,0,0.5369149148464203,1.0
subject5554,1,0.35756925226837455,0.0
subject5556,0,0.20377214810629748,0.0
subject5571,0,0.34024206042534516,0.0
subject5574,0,0.21188884561366222,0.0
subject5580,1,0.4553180430084467,0.0
subject5587,0,0.33544648474616867,0.0
subject5591,1,0.5856881535053253,1.0
subject564,0,0.28314901200624615,0.0
subject5644,0,0.3223851344576388,0.0
subject5659,0,0.222442050348036,0.0
subject5666,0,0.20031580450093525,0.0
subject5719,0,0.14290416613221169,0.0
subject573,0,0.2695183265864676,0.0
subject5743,0,0.4279576730397012,0.0
subject5756,1,0.5076530075918032,1.0
subject5760,0,0.224656563006719,0.0
subject5769,0,0.3463286118847983,0.0
subject577,1,0.3249985289144239,0.0
subject5773,0,0.19235027641248467,0.0
subject5786,0,0.21762294294984272,0.0
subject5797,0,0.196578092594433,0.0
subject5802,1,0.3034084211591134,0.0
subject5803,0,0.29309798330068587,0.0
subject5813,0,0.35215045820389473,0.0
subject5819,0,0.33164146076887846,0.0
subject582,1,0.4458397508996507,0.0
subject5831,0,0.6656517634789149,1.0
subject5832,0,0.24998542636230187,0.0
subject5834,0,0.29672369062900544,0.0
subject5839,0,0.46168867007988257,0.0
subject5859,0,0.23997591097246518,0.0
subject5867,0,0.4344514697345335,0.0
subject5873,0,0.39458763237921807,0.0
subject5882,0,0.47838184886401697,0.0
subject5890,0,0.45356244264647017,0.0
subject5968,0,0.3878118719276486,0.0
subject5987,0,0.36896368935900814,0.0
subject6044,0,0.33909453086844965,0.0
subject6069,0,0.30003601129800994,0.0
subject61,0,0.16184039856307209,0.0
subject610,0,0.33678074991478724,0.0
subject6120,0,0.307766187088917,0.0
subject6123,0,0.34222259831636453,0.0
subject6129,0,0.20807154386188934,0.0
subject615,0,0.41485139951109884,0.0
subject6163,1,0.4388854146313405,0.0
subject6166,0,0.21004865490473235,0.0
subject6186,0,0.3104529889430143,0.0
subject6196,0,0.3304263658605529,0.0
subject6230,0,0.3648960797323121,0.0
subject624,0,0.3478211488793878,0.0
subject6243,0,0.27680118329823017,0.0
subject6257,0,0.3354577439155166,0.0
subject6262,0,0.33148324270458784,0.0
subject6283,0,0.44228194866861614,0.0
subject6292,0,0.38133186246881445,0.0
subject6298,0,0.3224067836999893,0.0
subject6310,0,0.3374801434369551,0.0
subject6388,0,0.5757079354102561,1.0
subject6396,0,0.22277524621530653,0.0
subject6412,0,0.3456518866521327,0.0
subject6420,0,0.38890384683514584,0.0
subject6430,0,0.4233456552028656,0.0
subject6431,0,0.29228523130960393,0.0
subject6434,0,0.3164644315838814,0.0
subject6437,0,0.16165483695797406,0.0
subject6464,0,0.2648930171328116,0.0
subject6469,1,0.4794339058654649,0.0
subject6502,0,0.26550132837146523,0.0
subject6512,0,0.21476013388019055,0.0
subject6524,0,0.37522032203556976,0.0
subject6534,0,0.12722676550397233,0.0
subject6539,0,0.6162425875663757,1.0
subject6563,0,0.2699108745659899,0.0
subject6570,0,0.4491434558420568,0.0
subject6579,0,0.19046895951032639,0.0
subject6580,0,0.3580080603177731,0.0
subject6586,0,0.1678737167801176,0.0
subject6591,0,0.20083445552046653,0.0
subject6638,0,0.2922835610806942,0.0
subject6651,0,0.3260592670596231,0.0
subject6654,0,0.3742256537135001,0.0
subject6666,0,0.30509836765570886,0.0
subject670,0,0.3107083787068184,0.0
subject6703,0,0.39185022933744507,0.0
subject6720,0,0.36365545862021725,0.0
subject6734,0,0.25497353573640186,0.0
subject6749,0,0.4406790491647837,0.0
subject6750,0,0.45035258308053017,0.0
subject6752,0,0.3300439384211036,0.0
subject6768,0,0.2522296121432668,0.0
subject6782,1,0.33922806140267253,0.0
subject6796,0,0.21650480248034001,0.0
subject6801,0,0.2792549833655357,0.0
subject6807,0,0.32876794820440675,0.0
subject6816,0,0.2662681243137309,0.0
subject6817,0,0.3097990414522814,0.0
subject6842,0,0.23193182865470913,0.0
subject686,0,0.4076005226095854,0.0
subject6861,0,0.2722053116740426,0.0
subject6906,0,0.28412250364060276,0.0
subject6914,0,0.2304768709258901,0.0
subject6920,0,0.32267531229555607,0.0
subject6922,0,0.40026373971925405,0.0
subject6926,1,0.5145639865124811,1.0
subject6928,1,0.5734105594456196,1.0
subject6930,0,0.24616568748440062,0.0
subject6931,0,0.3581711898247401,0.0
subject6932,0,0.37659635809093917,0.0
subject6942,0,0.30882329694353616,0.0
subject6945,1,0.3911474404389811,0.0
subject695,0,0.3440846872954876,0.0
subject6959,0,0.2265015131104555,0.0
subject6966,0,0.18253976359656157,0.0
subject6969,0,0.24678926808748072,0.0
subject6970,0,0.3136719986796379,0.0
subject6973,0,0.48280583024024964,0.0
subject7003,0,0.3709069987138112,0.0
subject7026,0,0.35196523130922525,0.0
subject7030,0,0.2793889644121807,0.0
subject7032,0,0.4292898542401727,0.0
subject7046,0,0.247988344480594,0.0
subject7048,0,0.3373672617838169,0.0
subject7051,1,0.44302437883850776,0.0
subject7056,0,0.23712707793011384,0.0
subject7081,0,0.44114612335536524,0.0
subject7087,0,0.3972156351639165,0.0
subject7095,0,0.37407950605406903,0.0
subject7127,0,0.26321253533983097,0.0
subject713,0,0.3404268591505725,0.0
subject7132,0,0.2947453981499679,0.0
subject7139,0,0.27544026928288595,0.0
subject7153,0,0.17931893398477272,0.0
subject7165,0,0.2495442232725644,0.0
subject7167,0,0.34424164295196535,0.0
subject7184,0,0.46845068452794275,0.0
subject7195,0,0.3485340130329132,0.0
subject72,0,0.35176210921129275,0.0
subject721,1,0.3985089095127979,0.0
subject7211,0,0.16344143077731133,0.0
subject723,0,0.3204988901631842,0.0
subject7254,1,0.38354600408242995,0.0
subject7282,0,0.3303805760980591,0.0
subject7288,0,0.36981820315122604,0.0
subject7297,0,0.30721542400618396,0.0
subject73,0,0.3970159216355772,0.0
subject7316,0,0.2339899781961879,0.0
subject7338,0,0.20594069853218067,0.0
subject7340,0,0.3659199919290187,0.0
subject7346,0,0.49706868923479514,0.0
subject7348,0,0.3421619094230912,0.0
subject7374,0,0.2963206146228393,0.0
subject7377,0,0.26040531476178475,0.0
subject7382,0,0.33515211170245157,0.0
subject7383,0,0.34346688646814777,0.0
subject7391,0,0.387164244526311,0.0
subject7397,1,0.3531185285690938,0.0
subject7398,0,0.31861049806078273,0.0
subject740,0,0.45698490206684383,0.0
subject7418,0,0.21860463420550028,0.0
subject7419,0,0.15378252532698203,0.0
subject7426,1,0.3423674599651028,0.0
subject7428,0,0.25815652186671895,0.0
subject7431,0,0.33002280394984207,0.0
subject7451,0,0.28955828775088127,0.0
subject7467,0,0.34041672251811345,0.0
subject7471,1,0.470285564661026,0.0
subject7478,0,0.36785127033301174,0.0
subject7495,0,0.21730018360358372,0.0
subject7496,0,0.368031684079288,0.0
subject7498,0,0.3954913929233899,0.0
subject751,0,0.38582162220369687,0.0
subject7517,0,0.26853880098161215,0.0
subject7521,0,0.5364227495969288,1.0
subject7533,0,0.1965333647770278,0.0
subject754,0,0.35415018330324705,0.0
subject757,0,0.28579169750795064,0.0
subject7578,0,0.19251543579036176,0.0
subject7582,0,0.2603468697110865,0.0
subject7608,0,0.5132596665620803,1.0
subject7609,0,0.20188751821550205,0.0
subject7624,0,0.4090926298739934,0.0
subject763,0,0.1636632636655122,0.0
subject7661,0,0.3477221137292466,0.0
subject7666,0,0.340947835336311,0.0
subject7668,1,0.6086195064915552,1.0
subject7742,0,0.3573318903107901,0.0
subject7746,0,0.30508098547907897,0.0
subject7749,0,0.3104991601936728,0.0
subject7761,0,0.4710677281274634,0.0
subject7770,1,0.6314562981327375,1.0
subject7778,0,0.38894267156720164,0.0
subject7779,0,0.09941484502828171,0.0
subject7781,0,0.1930837400805279,0.0
subject7785,0,0.2727131232798759,0.0
subject7800,0,0.2503477113528384,0.0
subject7806,0,0.43912338300928333,0.0
subject7811,0,0.27539635877729507,0.0
subject7826,0,0.28508643953031615,0.0
subject7831,0,0.3978319734699763,0.0
subject7843,0,0.3233548666660984,0.0
subject7877,0,0.4904386389255524,0.0
subject7881,0,0.20557210590815655,0.0
subject7891,1,0.3486949090698832,0.0
subject7901,0,0.18126281585167855,0.0
subject7911,0,0.43797634604076546,0.0
subject7913,0,0.368024492786191,0.0
subject792,0,0.2920021736120909,0.0
subject7923,0,0.29727100140769924,0.0
subject7930,0,0.3371245738278894,0.0
subject7937,0,0.37301600107949384,0.0
subject7956,0,0.19463531567281628,0.0
subject7982,0,0.31712580713777655,0.0
subject7984,0,0.24644024893641472,0.0
subject7988,0,0.3994302221319892,0.0
subject7993,0,0.38488103211657404,0.0
subject8068,0,0.2880409925589459,0.0
subject8089,0,0.36687183088292963,0.0
subject8120,0,0.3422103311871502,0.0
subject8128,0,0.3762812793746099,0.0
subject8131,0,0.2655898922601981,0.0
subject8135,0,0.4182936440051441,0.0
subject8145,0,0.3840780847717506,0.0
subject8180,0,0.4758962358695915,0.0
subject82,0,0.163745470185365,0.0
subject8211,0,0.2997671163448074,0.0
subject8214,0,0.17926283421476696,0.0
subject8219,0,0.44220237493938747,0.0
subject822,0,0.24770050384397033,0.0
subject8234,0,0.40894248866903626,0.0
subject8253,0,0.3365404713484976,0.0
subject8266,0,0.29276818183951836,0.0
subject8307,0,0.28076437058151194,0.0
subject8312,0,0.3610016972278104,0.0
subject8314,0,0.3717041386291385,0.0
subject832,1,0.46991430613689306,0.0
subject8335,0,0.3870437836543803,0.0
subject8351,0,0.25615923811938046,0.0
subject836,0,0.298805111695243,0.0
subject8366,0,0.2760880831629038,0.0
subject8367,0,0.23691768332933769,0.0
subject8369,0,0.2556913220872864,0.0
subject8373,0,0.36130939705790366,0.0
subject8379,0,0.29815166517796793,0.0
subject8397,0,0.48893485963344574,0.0
subject8398,1,0.46516507239478716,0.0
subject8423,0,0.32441024255377365,0.0
subject845,0,0.30528080810246794,0.0
subject8452,0,0.2659191299945804,0.0
subject8455,0,0.41614161110391806,0.0
subject8473,0,0.34619081020355225,0.0
subject8477,1,0.391874257262264,0.0
subject8479,0,0.4027702697414033,0.0
subject8487,0,0.38592818272965296,0.0
subject8496,0,0.20901538421912846,0.0
subject8510,0,0.22176257893443108,0.0
subject8515,0,0.38085620320581515,0.0
subject8542,1,0.42543938886374233,0.0
subject8546,0,0.2893728645784514,0.0
subject855,0,0.31210174479267816,0.0
subject8557,0,0.332480939580844,0.0
subject8560,0,0.26053770693639916,0.0
subject8579,0,0.4507318861933068,0.0
subject858,0,0.061037014212769275,0.0
subject8588,0,0.2876121585829202,0.0
subject8593,1,0.5084470533821956,1.0
subject8599,0,0.16448274843860416,0.0
subject8607,0,0.21440885653719305,0.0
subject8617,0,0.27761949881397446,0.0
subject8625,0,0.3410130174959014,0.0
subject8628,0,0.3261373652360187,0.0
subject8631,0,0.44610814433697116,0.0
subject8635,0,0.5091732529605307,1.0
subject8641,0,0.35853489285165613,0.0
subject8651,0,0.2880065321046704,0.0
subject8653,1,0.42484879561383787,0.0
subject8710,0,0.28477852145565635,0.0
subject8713,0,0.35851084237062447,0.0
subject8719,0,0.3291567109133068,0.0
subject8724,0,0.14644247731741736,0.0
subject8725,0,0.3593524433672428,0.0
subject873,0,0.35131526133045554,0.0
subject8732,0,0.3175781922076236,0.0
subject8735,0,0.25995263563735144,0.0
subject8736,0,0.29459734430367296,0.0
subject8746,0,0.38564054105944673,0.0
subject8754,0,0.33187415354331473,0.0
subject8764,0,0.2779416678226497,0.0
subject8814,0,0.23781165264144138,0.0
subject8824,0,0.33037587627768517,0.0
subject8830,0,0.32647368029267626,0.0
subject8851,0,0.2661519422857226,0.0
subject886,0,0.24108514277657817,0.0
subject8860,0,0.3656381559926715,0.0
subject8863,0,0.29857009435603926,0.0
subject8864,1,0.48399374640036014,0.0
subject8878,0,0.2318826241411664,0.0
subject8884,1,0.42753197659145703,0.0
subject8902,0,0.33552103605514016,0.0
subject8925,1,0.5753004004557928,1.0
subject893,0,0.37049380048281616,0.0
subject8931,0,0.2609787571339685,0.0
subject8940,0,0.3068726273446247,0.0
subject8985,0,0.3023316184081272,0.0
subject8993,0,0.35658349349796026,0.0
subject901,0,0.27845215574592536,0.0
subject9012,0,0.329201631265244,0.0
subject9013,0,0.220633946124434,0.0
subject9038,0,0.3805288711580663,0.0
subject9044,0,0.22594175892856022,0.0
subject9051,0,0.3066507271839348,0.0
subject9061,0,0.371271482904546,0.0
subject9063,1,0.4026338785672872,0.0
subject9073,0,0.33384242499997735,0.0
subject9117,0,0.2406350868857569,0.0
subject9124,0,0.3734602828214808,0.0
subject9132,0,0.3466153877407479,0.0
subject9139,1,0.5914001173443264,1.0
subject9140,0,0.30693433459941544,0.0
subject915,0,0.2867162881783786,0.0
subject9189,0,0.3262676092263843,0.0
subject921,0,0.18977684527635574,0.0
subject9233,0,0.06782344169914722,0.0
subject9239,0,0.2780712565425972,0.0
subject9245,0,0.4455253064017935,0.0
subject9259,0,0.4290624608596166,0.0
subject9272,0,0.37624545696901507,0.0
subject9273,0,0.35961141409697356,0.0
subject9280,0,0.47185466422360073,0.0
subject9284,0,0.245289735790146,0.0
subject9314,0,0.278902594953429,0.0
subject9341,0,0.33061586446919533,0.0
subject9366,0,0.4046775253587647,0.0
subject9401,0,0.3330301131915163,0.0
subject9403,0,0.33030268152201303,0.0
subject9409,0,0.2920461541931833,0.0
subject9425,0,0.45380319836347,0.0
subject943,0,0.408776663104389,0.0
subject9437,0,0.3140316727912898,0.0
subject9438,0,0.2766775497097022,0.0
subject9440,0,0.27837562244262937,0.0
subject9486,0,0.39337545769521964,0.0
subject9502,0,0.22921735549775454,0.0
subject9504,0,0.37950956854311857,0.0
subject9525,0,0.33677503110274026,0.0
subject9526,0,0.3669828749153503,0.0
subject9534,0,0.3015285794224058,0.0
subject9548,0,0.26366467773914337,0.0
subject9553,0,0.15860063482814835,0.0
subject9554,0,0.31561200406044293,0.0
subject9557,0,0.21816899412100088,0.0
subject9582,0,0.13768459476054984,0.0
subject9585,0,0.1388422840236295,0.0
subject9587,0,0.32364327646791935,0.0
subject9607,0,0.2680275602304466,0.0
subject9615,0,0.3395984020489867,0.0
subject9619,0,0.30677107085163396,0.0
subject9647,0,0.445577805029585,0.0
subject965,0,0.3448046019004884,0.0
subject9655,0,0.4168542953151645,0.0
subject966,0,0.28268729805310755,0.0
subject9664,0,0.38308970297628875,0.0
subject9667,0,0.36725008918916524,0.0
subject9678,0,0.1508594499900937,0.0
subject9680,0,0.32148428910934346,0.0
subject9685,0,0.3629048571867101,0.0
subject9691,0,0.5051505081355572,1.0
subject9704,0,0.2900145884698371,0.0
subject9707,0,0.2117089092731476,0.0
subject971,0,0.3760584329183285,0.0
subject9714,0,0.20654930505049854,0.0
subject9720,0,0.47329948915809883,0.0
subject974,0,0.3170584050508646,0.0
subject9740,0,0.0963969552947674,0.0
subject9743,1,0.43006269335147523,0.0
subject9746,0,0.4274624041639842,0.0
subject9748,0,0.4683207349296202,0.0
subject9761,0,0.3858497994492801,0.0
subject9767,1,0.39062657611260954,0.0
subject977,0,0.39140810795328135,0.0
subject9776,0,0.31377708796567355,0.0
subject9801,0,0.23125587277728035,0.0
subject9815,0,0.33788050992204943,0.0
subject9822,0,0.45626288773127777,0.0
subject9823,0,0.2880530782245301,0.0
subject9825,0,0.22657706003740447,0.0
subject983,1,0.38990373993326816,0.0
subject9832,0,0.40095873858535264,0.0
subject9850,0,0.22639458538563945,0.0
subject9866,0,0.23591241769643073,0.0
subject9877,0,0.4296886851390203,0.0
subject9880,0,0.39825826615532334,0.0
subject9885,0,0.42001281809388546,0.0
subject9901,0,0.34867025158318227,0.0
subject9914,0,0.29478783041525347,0.0
subject9926,0,0.36757928409536267,0.0
subject9931,0,0.26948178869260603,0.0
subject9932,1,0.4908386894634792,0.0
subject9949,0,0.2365629704171183,0.0
subject9951,1,0.4635429670102894,0.0
subject9958,0,0.3829833830959513,0.0
subject9959,0,0.3686702461405234,0.0
subject998,1,0.3548180316851457,0.0
